{
    "glc__D_e": null,
    "gln__L_c": 3.94,
    "gln__L_e": null,
    "glu__L_c": 96.60000000000001,
    "glu__L_e": null,
    "glx_c": 0.2,
    "h2o_c": 38850.0,
    "h2o_e": null,
    "h_c": 0.01,
    "h_e": 0.01027068934352002,
    "icit_c": 0.2,
    "lac__D_c": 0.20166577503177752,
    "lac__D_e": null,
    "mal__L_c": 2.82,
    "mal__L_e": null,
    "nad_c": 3.604592045839916,
    "nadh_c": 0.115,
    "nadp_c": 0.002,
    "nadph_c": 0.23500000000000001,
    "nh4_c": 1.0,
    "13dpg_c": 0.2,
    "nh4_e": null,
    "o2_c": 0.046918526163420314,
    "2pg_c": 0.22397085801787103,
    "o2_e": null,
    "3pg_c": 0.2,
    "oaa_c": 0.032209846965630805,
    "pep_c": 0.6597584318149607,
    "6pgc_c": 1.021450040032166,
    "pi_c": 1.0,
    "6pgl_c": 0.2,
    "pi_e": null,
    "ac_c": 0.7695475141564107,
    "pyr_c": 8.05,
    "pyr_e": null,
    "q8_c": 0.2015045579965908,
    "q8h2_c": 0.2,
    "r5p_c": 1.008,
    "ru5p__D_c": 1.092121759186984,
    "ac_e": null,
    "acald_c": 0.1947698126955625,
    "s7p_c": 0.2,
    "acald_e": null,
    "accoa_c": 0.421,
    "succ_c": 0.877,
    "succ_e": null,
    "succoa_c": 0.687,
    "acon_C_c": 0.042,
    "xu5p__D_c": 1.008,
    "actp_c": 1.226,
    "adp_c": 0.31241155352757916,
    "akg_c": 0.2,
    "akg_e": null,
    "amp_c": 0.1666328650877352,
    "atp_c": 7.586,
    "cit_c": 7.398752267238965,
    "co2_c": 1.2,
    "co2_e": null,
    "coa_c": 2.7461219708299565,
    "dhap_c": 0.355,
    "e4p_c": 0.001,
    "etoh_c": 0.2,
    "etoh_e": null,
    "f6p_c": 0.055,
    "fdp_c": 0.2,
    "for_c": 0.19756988554881214,
    "for_e": null,
    "fru_e": null,
    "fum_c": 0.212,
    "fum_e": null,
    "g3p_c": 0.23444380153240832,
    "g6p_c": 0.68
}