{
    "PFK": 0.6745708486802013,
    "PFL": 1.4892371755153897,
    "PGI": 0.3826657824336019,
    "PGK": 0.4412773407676602,
    "PGL": 1.658883606883934,
    "ACALD": 1.2002872522442238,
    "PGM": 0.3608504921967988,
    "ALCD2x": 0.3233520541748675,
    "ACKr": 0.5495866610344513,
    "PPC": 3.111905155197218,
    "ACONTa": 1.1340541692951622,
    "ACONTb": 1.1348672841271559,
    "ATPM": 0.3042778553577671,
    "PPCK": 3.1202021050609243,
    "PPS": 0.49798702947440265,
    "ADK1": 0.15979053483789304,
    "AKGDH": 3.884974299875714,
    "ATPS4r": 0.3042778553577671,
    "PTAr": 0.6064527563143829,
    "PYK": 0.42353425159116614,
    "RPE": 1.1537200194917487,
    "CS": 0.43731945424751123,
    "RPI": 1.666885193447592,
    "CYTBD": 6.403534584644209,
    "ENO": 0.30491038799573145,
    "SUCDi": 6.519495116964099,
    "SUCOAS": 1.3334281243274526,
    "TALA": 1.4132811687987985,
    "THD2": 0.33576292404529723,
    "TKT1": 2.369519210927432,
    "TKT2": 1.9213332844173212,
    "TPI": 0.5486662102928135,
    "FBA": 0.5290407446286736,
    "FBP": 0.69204544865972,
    "FRD7": 6.519495116964099,
    "FUM": 0.2782431213403719,
    "G6PDH2r": 1.3215711001706816,
    "GAPD": 0.4056263392393618,
    "GLNS": 0.8271014679972243,
    "GLUDy": 0.3746213752313524,
    "GLUN": 0.859839573736071,
    "GLUSy": 0.9436721038249145,
    "GND": 3.176340260041236,
    "ICDHyr": 3.186776651675182,
    "ICL": 1.3512250301173336,
    "LDH_D": 2.073145691520455,
    "MALS": 2.081758617571494,
    "MDH": 0.30488783200454694,
    "ME1": 3.1183285670942253,
    "ME2": 3.137103713452535,
    "NADH16": 6.211579665802992,
    "NADTRHD": 0.33576292404529723,
    "PDH": 3.222666706106246
}