{
    "PFK": -17.809390497553125,
    "PFL": -19.81403943859776,
    "PGI": 2.6374958580388466,
    "PGK": 19.549800047385816,
    "PGL": -25.378728037935673,
    "ACALD": -3.562931650710283,
    "PGM": -4.474954330214246,
    "ALCD2x": 18.06249917464379,
    "ACKr": 13.990414860694614,
    "PPC": -40.271093583213414,
    "ACONTa": 8.469446418864038,
    "ACONTb": -1.623067614497046,
    "ATPM": -46.756590808664896,
    "PPCK": -6.48549722545097,
    "PPS": -22.063730013240786,
    "ADK1": 0.334459160192182,
    "AKGDH": -28.214429651680575,
    "ATPS4r": 46.75659080866498,
    "PTAr": 8.672467245031385,
    "PYK": -25.027319955616406,
    "RPE": -3.3881578544159083,
    "CS": -38.76124177617248,
    "RPI": 4.471253635306084,
    "CYTBD": -85.0068141896018,
    "ENO": -3.810841994356494,
    "SUCDi": -73.61177327052388,
    "SUCOAS": -1.2140582230074415,
    "TALA": -0.9380787429734596,
    "THD2": 0.00214409498880741,
    "TKT1": -1.502526368716758,
    "TKT2": -10.302600299524073,
    "TPI": 5.617742386692498,
    "FBA": 6.04885319990305,
    "FBP": -28.947200311111487,
    "FRD7": 73.61177327052411,
    "FUM": -3.424645774163224,
    "G6PDH2r": -6.822034681511923,
    "GAPD": 18.277301295820877,
    "GLNS": -15.296216993935872,
    "GLUDy": 16.302987053760233,
    "GLUN": -31.460373814728854,
    "GLUSy": -47.76336086848892,
    "GND": -6.800527783198362,
    "ICDHyr": -11.708728317719675,
    "ICL": -7.578990343475056,
    "LDH_D": 20.63053981488298,
    "MALS": -38.652118421576205,
    "MDH": 26.50293016623168,
    "ME1": -5.009887014835925,
    "ME2": -5.007742919847118,
    "NADH16": -131.75811905407835,
    "NADTRHD": -0.002144094989034784,
    "PDH": -34.226838870159554
}