{
    "PFK": 0.6397670549084914,
    "PFL": -0.6658307210031329,
    "PGI": 534.5911949685427,
    "PGK": 1.6154809096599223,
    "PGL": 1.8415135551843758,
    "ACALD": -0.5103312561495535,
    "PGM": 0.0,
    "ALCD2x": 2.068387681159426,
    "ACKr": -0.4598303393213584,
    "PPC": 22.90381426202332,
    "ACONTa": 109.70532544378678,
    "ACONTb": -159.24999999999395,
    "ATPM": 0.6397670549084811,
    "PPCK": 10.778130191813958,
    "PPS": 0.6675706537253817,
    "ADK1": -0.3058252427185077,
    "AKGDH": 4.484657783950352,
    "ATPS4r": 0.6397670549084971,
    "PTAr": 6.4,
    "PYK": 0.6397670549084954,
    "RPE": 12.628591013896678,
    "CS": 5.959879638916752,
    "RPI": 1.6856125778700695,
    "CYTBD": 1.7136580007323357,
    "ENO": -0.46146129409797526,
    "SUCDi": 18.765625000000068,
    "SUCOAS": 1.6154809096599199,
    "TALA": 11.226383319967958,
    "THD2": 40.090909090862716,
    "TKT1": -0.4213580576307373,
    "TKT2": 11.994916707496346,
    "TPI": 0.0,
    "FBA": 9.774152244847395,
    "FBP": 0.0,
    "FRD7": 18.765624999999762,
    "FUM": -212.59610027854964,
    "G6PDH2r": -0.4372237682108336,
    "GAPD": 3.70112768778,
    "GLNS": 0.10148731408573593,
    "GLUDy": 21.144014636696326,
    "GLUN": 1.5719696969696915,
    "GLUSy": 16.123591138748495,
    "GND": 1.1624142047150103,
    "ICDHyr": 57.722527472527695,
    "ICL": -5.0018244633360505,
    "LDH_D": 2.5154811715481076,
    "MALS": -2.3177319153416844,
    "MDH": -1.0798056904927116,
    "ME1": 542.6090225564207,
    "ME2": 587.9180327869269,
    "NADH16": -0.5103312561495571,
    "NADTRHD": 40.090909090904155,
    "PDH": -1.002411963338147
}