{
    "SUCOAS": 0.017866706358909634,
    "PGI": 0.012314555339578814,
    "PGL": 0.011566482096879716,
    "ATPS4r": 0.5717809071534512,
    "PYK": 0.010293245957254338,
    "ALCD2x": 0.0,
    "PFK": 0.19439338402223671,
    "ENO": 1.0,
    "FRD7": 0.0,
    "TPI": 0.19439338402223694,
    "GLUDy": 0.025783761404827077,
    "PPCK": 0.0,
    "ACALD": 0.0,
    "ACKr": 0.0,
    "SUCDi": 0.06822580627719166,
    "FBP": 0.0,
    "ACONTb": 1.0,
    "ATPM": 0.0,
    "PTAr": 0.0,
    "RPE": 0.009389797605040884,
    "RPI": 1.0,
    "GLNS": 1.0,
    "LDH_D": 0.0,
    "GLUN": 0.0,
    "MALS": 0.0,
    "ADK1": 0.0,
    "AKGDH": 0.017866706358909634,
    "PPS": 0.0,
    "PPC": 0.0036349955082625174,
    "ICDHyr": 0.9999999999999997,
    "ACONTa": 1.0,
    "NADTRHD": 0.0,
    "G6PDH2r": 0.01156648209687905,
    "PGK": 1.0,
    "TKT1": 0.01048418200478507,
    "MDH": 0.05504180408410331,
    "FBA": 0.19439338402223738,
    "TKT2": 0.008292989791208183,
    "ME1": 0.0,
    "FUM": 0.06822580627719144,
    "ICL": 0.0,
    "GLUSy": 0.0,
    "GND": 0.011566482096879716,
    "PGM": 0.9999999999999998,
    "THD2": 0.0,
    "CS": 1.0,
    "CYTBD": 0.7578009603293167,
    "TALA": 0.010484182004784959,
    "ME2": 0.0,
    "PDH": 0.08836672506820764,
    "PFL": 0.0,
    "GAPD": 0.9999999999999994,
    "NADH16": 0.7578009603293212
}